timestamp,ecg_measurement
6034140,1.5933528900
6038012,1.6764417648
6041904,1.7155425548
6045784,1.7302052974
6049652,1.7644183635
6053532,1.8035190582
6057412,1.8328446388
6061296,1.8377322196
6065180,1.8181818962
6069064,1.8328446388
6072948,1.8768328666
6076836,1.9012707710
6080708,1.9012707710
6084572,1.8817204475
6088452,1.8866080284
6092320,1.9012707710
6096192,1.9257086753
6100064,1.9257086753
6103940,1.9012707710
6107816,1.9012707710
6111688,1.9257086753
6115568,1.9648094177
6119444,1.9696969985
6123312,1.9501466751
6127200,1.9354838371
6131088,1.9648094177
6134964,2.0039100646
6138820,2.0234603881
6142692,2.0039100646
6146548,2.0039100646
6150412,2.0136852264
6154280,2.0625610351
6158148,2.0967741012
6162020,2.0869989395
6165892,2.0723361968
6169772,2.0918865203
6173636,2.1358749866
6177516,2.1798632144
6181396,2.1896383762
6185276,2.1896383762
6189156,2.1994135379
6193036,2.2482893466
6196924,2.3020527362
6200804,2.2971651554
6204692,2.2776148319
6208572,2.2776148319
6212452,2.3118278980
6216324,2.3509285449
6220196,2.3509285449
6224076,2.3069403171
6227948,2.2825024127
6231828,2.3069403171
6235700,2.3167154788
6239580,2.2971651554
6243460,2.2287390232
6247324,2.1700880527
6251196,2.1163244247
6255084,2.0772237777
6258964,2.0185728073
6262832,1.9257086753
6266700,1.8328446388
6270580,1.7790811061
6274456,1.7546432018
6278328,1.7302052974
6282196,1.6813293457
6286084,1.6373411178
6289972,1.6177907943
6293856,1.6226783752
6297740,1.6373411178
6301620,1.6324535369
6305504,1.5933528900
6309364,1.5884653091
6313248,1.6080156326
6317116,1.6422286987
6320996,1.6324535369
6324888,1.6129032135
6328772,1.6177907943
6332652,1.6324535369
6336532,1.6715541839
6340404,1.6568914413
6344292,1.6275659561
6348184,1.6226783752
6352068,1.6373411178
6355948,1.6666666030
6359832,1.6813293457
6363720,1.6715541839
6367608,1.6715541839
6371492,1.6959922313
6375364,1.7350928783
6379248,1.7497556209
6383128,1.7399804592
6387008,1.7399804592
6390876,1.7595307826
6394748,1.7937438488
6398640,1.8084066390
6402504,1.8035190582
6406364,1.7888562679
6410252,1.8035190582
6414116,1.8230694770
6417992,1.8426198005
6421864,1.8328446388
6425744,1.8279570579
6429616,1.8426198005
6433480,1.8670577049
6437344,1.8866080284
6441212,1.8963831901
6445092,1.8670577049
6448956,1.8817204475
6452836,1.8817204475
6456716,1.8914956092
6460600,1.8719452857
6464472,1.8426198005
6468332,1.8328446388
6472224,1.8377322196
6476112,1.8621701240
6479984,1.8377322196
6483864,1.8377322196
6487748,1.8132943153
6491640,1.8279570579
6495512,1.8426198005
6499380,1.8426198005
6503244,1.8181818962
6507136,1.8035190582
6511008,1.8084066390
6514872,1.8279570579
6518740,1.8328446388
6522620,1.8132943153
6526500,1.7986314296
6530384,1.8084066390
6534248,1.8426198005
6538108,1.8523949623
6542000,1.8279570579
6545876,1.7986314296
6549756,1.8035190582
6553636,1.8328446388
6557504,1.8572825431
6561384,1.8377322196
6565260,1.7986314296
6569140,1.7937438488
6573016,1.8279570579
6576884,1.8768328666
6580768,1.8719452857
6584656,1.8377322196
6588524,1.8328446388
6592400,1.8621701240
6596280,1.9012707710
6600148,1.9159335136
6604040,1.8963831901
6607916,1.8866080284
6611780,1.9110459327
6615664,1.9599218368
6619544,1.9941349029
6623416,1.9696969985
6627288,1.9452590942
6631168,1.9354838371
6635056,1.9354838371
6638944,1.9305962562
6642824,1.8866080284
6646688,1.8475073814
6650560,1.8084066390
6654428,1.7986314296
6658312,1.7888562679
6662188,1.7693059444
6666056,1.7253177165
6669940,1.7057673931
6673824,1.7008798122
6677696,1.7155425548
6681568,1.7106549739
6685444,1.6911046504
6689312,1.6715541839
6693196,1.6764417648
6697084,1.6959922313
6700964,1.6959922313
6704844,1.6813293457
6708732,1.6666666030
6712608,1.6715541839
6716476,1.6959922313
6720348,1.6959922313
6724240,1.7008798122
6728112,1.7399804592
6731984,1.8572825431
6735860,2.0674486160
6739732,2.3704788684
6743612,2.7077224254
6747484,3.0205278396
6751340,3.2551319599
6755220,3.3137829303
6759100,3.1280548572
6762980,2.7614858150
6766860,2.2629520893
6770736,1.7595307826
6774604,1.3929618644
6778480,1.1583577394
6782356,1.0850440216
6786220,1.0850440216
6790080,1.1583577394
6793964,1.2658846378
6797844,1.3880742835
6801728,1.4956011772
6805596,1.5640274047
6809468,1.5884653091
6813340,1.6324535369
6817228,1.6617790222
6821108,1.6959922313
6824996,1.6959922313
6828868,1.6911046504
6832740,1.7057673931
6836624,1.7302052974
6840484,1.7546432018
6844348,1.7644183635
6848236,1.7595307826
6852108,1.7693059444
6855980,1.8035190582
6859856,1.8279570579
6863728,1.8475073814
6867608,1.8328446388
6871480,1.8426198005
6875352,1.8670577049
6879212,1.8963831901
6883092,1.9110459327
6886976,1.9159335136
6890860,1.9012707710
6894736,1.9159335136
6898616,1.9403715133
6902488,1.9648094177
6906360,1.9648094177
6910240,1.9696969985
6914112,1.9843597412
6917988,2.0234603881
6921860,2.0478982925
6925732,2.0576734542
6929612,2.0723361968
6933476,2.0821113586
6937348,2.1260998249
6941228,2.1554253101
6945108,2.1896383762
6948996,2.1847507953
6952868,2.2091886997
6956740,2.2434017658
6960620,2.2776148319
6964500,2.2873899936
6968368,2.2873899936
6972236,2.2922775745
6976116,2.3167154788
6979996,2.3460409641
6983868,2.3362658023
6987740,2.3118278980
6991620,2.3020527362
6995484,2.3069403171
6999348,2.3167154788
7003228,2.2873899936
7007100,2.2385141849
7010980,2.1749756336
7014868,2.1309874057
7018740,2.0918865203
7022616,2.0234603881
7026480,1.9550342559
7030352,1.8621701240
7034228,1.7986314296
7038116,1.7546432018
7041996,1.7057673931
7045876,1.6520038604
7049740,1.5982404708
7053612,1.5738025665
7057476,1.5689149856
7061340,1.5591397285
7065220,1.5444769859
7069100,1.5200390815
7072964,1.5200390815
7076828,1.5347018241
7080708,1.5591397285
7084588,1.5591397285
7088476,1.5542521476
7092348,1.5689149856
7096228,1.5884653091
7100108,1.6177907943
7103992,1.6226783752
7107876,1.6177907943
7111748,1.6177907943
7115620,1.6422286987
7119500,1.6764417648
7123380,1.6764417648
7127264,1.6715541839
7131148,1.6666666030
7135024,1.6862169265
7138912,1.7106549739
7142792,1.7155425548
7146680,1.7106549739
7150552,1.7008798122
7154416,1.7106549739
7158296,1.7302052974
7162168,1.7399804592
7166040,1.7302052974
7169912,1.7253177165
7173796,1.7350928783
7177676,1.7644183635
7181556,1.7937438488
7185444,1.7741935253
7189316,1.7595307826
7193196,1.7546432018
7197076,1.7693059444
7200956,1.7888562679
7204836,1.7741935253
7208724,1.7595307826
7212608,1.7497556209
7216480,1.7644183635
7220356,1.7839686870
7224224,1.7790811061
7228100,1.7644183635
7231988,1.7644183635
7235876,1.7839686870
7239740,1.7986314296
7243620,1.7986314296
7247492,1.7790811061
7251356,1.7839686870
7255232,1.7888562679
7259108,1.8132943153
7263000,1.8084066390
7266860,1.7937438488
7270748,1.7741935253
7274628,1.7839686870
7278496,1.8035190582
7282364,1.8132943153
7286252,1.8132943153
7290140,1.7839686870
7294012,1.7937438488
7297896,1.8084066390
7301764,1.8181818962
7305656,1.8084066390
7309508,1.7986314296
7313380,1.7986314296
7317264,1.8279570579
7321144,1.8426198005
7325024,1.8377322196
7328912,1.8279570579
7332784,1.8279570579
7336664,1.8523949623
7340540,1.8768328666
7344412,1.8817204475
7348284,1.8768328666
7352156,1.8817204475
7356040,1.9061583518
7359920,1.9305962562
7363800,1.9354838371
7366660,1.9159335136
7371560,1.9159335136
7375444,1.9354838371
7379328,1.9648094177
7383208,1.9745845794
7387080,1.9599218368
7390968,1.9452590942
7394848,1.9501466751
7398728,1.9599218368
7402600,1.9452590942
7406468,1.9159335136
7410348,1.8817204475
7414232,1.8719452857
7418112,1.8719452857
7421996,1.8523949623
7425876,1.8181818962
7429764,1.7888562679
7433644,1.7790811061
7437508,1.7986314296
7441380,1.7937438488
7445260,1.7888562679
7449140,1.7644183635
7453028,1.7693059444
7456908,1.7888562679
7460792,1.8084066390
7464652,1.7986314296
7468524,1.7839686870
7472392,1.7790811061
7476268,1.7839686870
7480132,1.7937438488
7484020,1.7937438488
7487908,1.8328446388
7491800,1.9403715133
7495676,2.1554253101
7499560,2.4682307243
7503428,2.8005865097
7507292,3.1329424381
7511172,3.4115347862
7515052,3.5190615653
7518932,3.3577711582
7522824,2.9765396118
7526708,2.4437928199
7530576,1.9061583518
7534436,1.5151515007
7538316,1.2952101230
7542196,1.2316715717
7546084,1.2463343143
7549972,1.3294233083
7553848,1.4369501113
7557724,1.5591397285
7561604,1.6422286987
7565484,1.6862169265
7569360,1.7106549739
7573236,1.7204301357
7577116,1.7546432018
7580996,1.7741935253
7584876,1.7741935253
7588756,1.7693059444
7592636,1.7741935253
7596520,1.8084066390
7600384,1.8279570579
7604260,1.8328446388
7608132,1.8230694770
7612004,1.8181818962
7615896,1.8475073814
7619776,1.8719452857
7623652,1.8768328666
7627528,1.8670577049
7631400,1.8572825431
7635284,1.8768328666
7639168,1.9061583518
7643036,1.9110459327
7646920,1.9061583518
7650796,1.9012707710
7654672,1.9159335136
7658548,1.9452590942
7662416,1.9648094177
7666296,1.9648094177
7670176,1.9599218368
7674056,1.9745845794
7677932,2.0039100646
7681796,2.0234603881
7685668,2.0234603881
7689532,2.0185728073
7693396,2.0381231307
7697268,2.0772237777
7701148,2.1114368438
7705028,2.1163244247
7708916,2.1212120056
7712792,2.1407625675
7716668,2.1652004718
7720540,2.1994135379
7724420,2.2091886997
7728292,2.2140762805
7732156,2.2091886997
7736028,2.2434017658
7739908,2.2580645084
7743780,2.2678396701
7747652,2.2287390232
7751516,2.2189638614
7755396,2.2091886997
7759276,2.2140762805
7763148,2.1847507953
7767020,2.1407625675
7770900,2.0821113586
7774780,2.0381231307
7778664,1.9941349029
7782536,1.9403715133
7786408,1.8523949623
7790292,1.7741935253
7794184,1.7106549739
7798064,1.6715541839
7801940,1.6324535369
7805820,1.5786901473
7809700,1.5249266624
7813576,1.4956011772
7817452,1.4907135963
7821324,1.4907135963
7825200,1.4858260154
7829080,1.4858260154
7832960,1.4907135963
7836844,1.5249266624
7840724,1.5640274047
7844588,1.5884653091
7848468,1.5982404708
7852332,1.6324535369
7856212,1.6959922313
7860092,1.7839686870
7863964,1.8523949623
7867856,1.8963831901
7871736,1.9305962562
7875620,1.9794721603
7879492,2.0332355499
7883364,2.0625610351
7887244,2.0527858734
7891116,2.0332355499
7894988,2.0332355499
7898868,2.0723361968
7902748,2.0772237777
7906628,2.0674486160
7910500,2.0576734542
7914364,2.0772237777
7918244,2.1065492630
7922124,2.1016616821
7926012,2.0625610351
7929892,2.0381231307
7933764,2.0283479690
7937636,2.0332355499
7941508,2.0136852264
7945384,1.9745845794
7949256,1.9501466751
7953144,1.9501466751
7957032,1.9599218368
7960912,1.9501466751
7964800,1.9257086753
7968668,1.9110459327
7972544,1.9061583518
7976412,1.9110459327
7980292,1.9110459327
7984172,1.8768328666
7988048,1.8572825431
7991936,1.8670577049
7995816,1.8866080284
7999684,1.8914956092
8003552,1.8523949623
8007432,1.8230694770
8011304,1.8279570579
8015180,1.8523949623
8019064,1.8621701240
8022936,1.8377322196
8026824,1.8230694770
8030696,1.8084066390
8034552,1.8230694770
8038412,1.8475073814
8042288,1.8279570579
8046156,1.8132943153
8050044,1.8035190582
8053924,1.8132943153
8057804,1.8181818962
8061696,1.8084066390
8065548,1.7888562679
8069420,1.7790811061
8073292,1.7888562679
8077176,1.8084066390
8081044,1.8181818962
8084932,1.7937438488
8088812,1.7937438488
8092700,1.8084066390
8096552,1.8377322196
8100432,1.8426198005
8104304,1.8426198005
8108176,1.8475073814
8112048,1.8670577049
8115920,1.8866080284
8119788,1.8963831901
8123672,1.8866080284
8127532,1.8768328666
8131400,1.8866080284
8135272,1.9061583518
8139152,1.8963831901
8143032,1.8670577049
8146896,1.8279570579
8150772,1.8035190582
8154648,1.7888562679
8158524,1.7741935253
8162404,1.7350928783
8166276,1.6959922313
8170168,1.6911046504
8174040,1.6862169265
8177928,1.7008798122
8181796,1.6813293457
8185676,1.6617790222
8189552,1.6520038604
8193412,1.6764417648
8197292,1.6911046504
8201164,1.6911046504
8205040,1.6715541839
8208916,1.6666666030
8212788,1.6764417648
8216668,1.6813293457
8220540,1.6764417648
8224416,1.7008798122
8228284,1.7790811061
8232160,1.9550342559
8236028,2.2238514423
8239916,2.5513195991
8243804,2.8836755752
8247688,3.1867058277
8251556,3.3724339008
8255420,3.3040077686
8259284,3.0058650970
8263140,2.5366568565
8267024,1.9892473220
8270896,1.5444769859
8274772,1.2512218952
8278660,1.1192570924
8282528,1.0997067642
8286392,1.1485825777
8290268,1.2609970569
8294140,1.3782991170
8298024,1.4809384346
8301900,1.5395894050
8305764,1.5591397285
8309644,1.5786901473
8313520,1.6129032135
8317396,1.6324535369
8321284,1.6324535369
8325168,1.6226783752
8329044,1.6177907943
8332924,1.6324535369
8336804,1.6617790222
8340688,1.6862169265
8344560,1.6715541839
8348436,1.6813293457
8352324,1.6911046504
8356196,1.7204301357
8360080,1.7302052974
8363944,1.7253177165
8367832,1.7155425548
8371720,1.7253177165
8375596,1.7595307826
8379468,1.7741935253
8383340,1.7839686870
8387220,1.7644183635
8391104,1.7790811061
8394972,1.7937438488
8398860,1.8084066390
8402728,1.8084066390
8406592,1.8084066390
8410452,1.8230694770
8414320,1.8475073814
8418188,1.8768328666
8422072,1.8963831901
8425948,1.8914956092
8429824,1.9159335136
8433708,1.9305962562
8437576,1.9648094177
8441448,1.9648094177
8445328,1.9648094177
8449208,1.9745845794
8453076,2.0039100646
8456940,2.0381231307
8460812,2.0723361968
8464684,2.0625610351
8468540,2.0674486160
8472396,2.0918865203
8476268,2.1114368438
8480156,2.1163244247
8484044,2.1065492630
8487916,2.0674486160
8491788,2.0772237777
8495668,2.0625610351
8499532,2.0576734542
8503396,2.0039100646
8507256,1.9501466751
8511132,1.9012707710
8515008,1.8621701240
8518888,1.8084066390
8522756,1.7302052974
8526628,1.6471162796
8530516,1.5835777282
8534388,1.5395894050
8538256,1.4956011772
8542124,1.4467253684
8546004,1.3978494453
8549888,1.3587487936
8553772,1.3489736318
8557652,1.3489736318
8561528,1.3391984701
8565396,1.3147605657
8569276,1.3049852848
8573156,1.3098728656
8577036,1.3294233083
8580908,1.3294233083
8584788,1.3196481466
8588676,1.3196481466
8592556,1.3343108892
8596432,1.3587487936
8600320,1.3734115362
8604212,1.3782991170
8608092,1.3880742835
8611976,1.3978494453
8615844,1.4271749496
8619724,1.4418377876
8623604,1.4418377876
8627492,1.4320625305
8631356,1.4418377876
8635240,1.4760508537
8639112,1.4858260154
8642992,1.4760508537
8646860,1.4711632728
8650744,1.4907135963
8654612,1.5004887580
8658476,1.5200390815
8662332,1.5200390815
8666196,1.5053763389
8670068,1.5053763389
8673948,1.5200390815
8677812,1.5444769859
8681692,1.5347018241
8685564,1.5249266624
8689436,1.5151515007
8693316,1.5249266624
8697196,1.5347018241
8701084,1.5200390815
8704948,1.5004887580
8708816,1.4858260154
8712696,1.4956011772
8716564,1.5102639198
8720432,1.5151515007
8724300,1.5053763389
8728184,1.4907135963
8732064,1.4907135963
8735940,1.5053763389
8739812,1.5102639198
8743692,1.5004887580
8747552,1.4809384346
8751424,1.4809384346
8755304,1.4907135963
8759180,1.5004887580
8763048,1.4956011772
8766928,1.4809384346
8770808,1.4858260154
8774684,1.4907135963
8778552,1.4956011772
8782432,1.4809384346
8786312,1.4662756919
8790200,1.4565005302
8794060,1.4613881111
8797956,1.4711632728
8801848,1.4662756919
8805728,1.4565005302
8809584,1.4516129493
8813452,1.4613881111
8817344,1.4956011772
8821232,1.4858260154
8825112,1.4858260154
8828984,1.4809384346
8832856,1.4858260154
8836736,1.4956011772
8840604,1.5053763389
8844484,1.4907135963
8848360,1.4907135963
8852236,1.5004887580
8856100,1.5200390815
8859964,1.5200390815
8863828,1.5053763389
8867704,1.4662756919
8871584,1.4369501113
8875460,1.4027370452
8879332,1.3782991170
8883212,1.3343108892
8887084,1.2952101230
8890964,1.2707722187
8894852,1.2658846378
8898732,1.2707722187
8902604,1.2658846378
8906484,1.2805473804
8910348,1.2756597995
8914228,1.2903225421
8918100,1.3098728656
8921972,1.3196481466
8925860,1.3196481466
8929748,1.3294233083
8933620,1.3391984701
8937500,1.3587487936
8941376,1.3685239553
8945260,1.3636363744
8949152,1.3685239553
8953036,1.4173997879
8956916,1.5200390815
8960792,1.7106549739
8964672,1.9696969985
8968540,2.3167154788
8972420,2.6783969402
8976292,3.0303030014
8980156,3.1720430850
8984028,3.0498533248
8987904,2.7174975872
8991788,2.2336266040
8995664,1.7399804592
8999532,1.3440860509
9003384,1.0703812837
9007268,0.9481915473
9011140,0.9481915473
9015016,1.0312805175
9018888,1.1485825777
9022772,1.2707722187
9026648,1.3587487936
9030524,1.4222873687
9034396,1.4711632728
9038284,1.5102639198
9042164,1.5298142433
9046052,1.5395894050
9049916,1.5493645668
9053796,1.5640274047
9057668,1.5786901473
9061540,1.5982404708
9065400,1.6080156326
9069280,1.6226783752
9073164,1.6373411178
9077052,1.6568914413
9080936,1.6715541839
9084816,1.6715541839
9088700,1.6764417648
9092584,1.6862169265
9096464,1.7106549739
9100336,1.7302052974
9104208,1.7399804592
9108084,1.7595307826
9111964,1.7546432018
9115844,1.7741935253
9119724,1.7839686870
9123596,1.7937438488
9127476,1.7888562679
9131356,1.7986314296
9135244,1.8328446388
9139128,1.8426198005
9143000,1.8572825431
9146888,1.8621701240
9150768,1.8719452857
9154648,1.8866080284
9158516,1.9159335136
9162400,1.9354838371
9166288,1.9550342559
9170168,1.9794721603
9174044,1.9892473220
9177916,2.0136852264
9181796,2.0332355499
9185676,2.0527858734
9189548,2.0625610351
9193412,2.0723361968
9197292,2.0821113586
9201172,2.0918865203
9205044,2.0918865203
9208908,2.0918865203
9212780,2.0869989395
9216660,2.0967741012
9220532,2.0869989395
9224396,2.0821113586
9228268,2.0430107116
9232140,2.0234603881
9236016,1.9696969985
9239896,1.9354838371
9243784,1.8621701240
9247652,1.7986314296
9251536,1.7253177165
9255412,1.6666666030
9259292,1.6177907943
9263164,1.5542521476
9267044,1.5102639198
9270924,1.4613881111
9274820,1.4320625305
9278700,1.4125122070
9282580,1.3880742835
9286444,1.3636363744
9290332,1.3440860509
9294196,1.3440860509
9298060,1.3538612127
9301940,1.3636363744
9305828,1.3636363744
9309720,1.3734115362
9313596,1.3880742835
9317460,1.4076246261
9321332,1.4125122070
9325212,1.4173997879
9329100,1.4222873687
9332980,1.4320625305
9336860,1.4565005302
9340728,1.4809384346
9344600,1.4907135963
9348472,1.4956011772
9352356,1.5004887580
9356212,1.5102639198
9360092,1.5249266624
9363972,1.5298142433
9367860,1.5347018241
9371732,1.5347018241
9375596,1.5542521476
9379476,1.5493645668
9383364,1.5591397285
9387244,1.5591397285
9391132,1.5591397285
9395012,1.5689149856
9398900,1.5689149856
9402780,1.5689149856
9406660,1.5640274047
9410532,1.5689149856
9414412,1.5786901473
9418296,1.5933528900
9422164,1.6031280517
9426044,1.6031280517
9429916,1.6031280517
9433800,1.6129032135
9437688,1.6226783752
9441564,1.6177907943
9445432,1.6226783752
9449312,1.6080156326
9453192,1.6080156326
9457068,1.6129032135
9460960,1.6129032135
9464844,1.6129032135
9468724,1.6031280517
9472596,1.6031280517
9476468,1.6177907943
9480356,1.6275659561
9484236,1.6275659561
9488124,1.6275659561
9492012,1.6324535369
9495900,1.6422286987
9499788,1.6471162796
9503668,1.6617790222
9507540,1.6471162796
9511420,1.6471162796
9515308,1.6520038604
9519176,1.6715541839
9523052,1.6666666030
9526928,1.6715541839
9530812,1.6764417648
9534700,1.6911046504
9538572,1.7057673931
9542444,1.7204301357
9546328,1.7302052974
9550200,1.7302052974
9554080,1.7399804592
9557948,1.7546432018
9561828,1.7693059444
9565712,1.7790811061
9569580,1.7839686870
9573444,1.7937438488
9577324,1.8181818962
9581212,1.8230694770
9585092,1.8230694770
9588964,1.8132943153
9592860,1.8035190582
9596724,1.7986314296
9600604,1.7741935253
9604488,1.7497556209
9608368,1.7253177165
9612244,1.6959922313
9616132,1.6911046504
9620016,1.6715541839
9623900,1.6617790222
9627788,1.6471162796
9631676,1.6373411178
9635556,1.6520038604
9639420,1.6471162796
9643308,1.6617790222
9647184,1.6520038604
9651044,1.6568914413
9654932,1.6617790222
9658820,1.6764417648
9662708,1.6764417648
9666588,1.6666666030
9670444,1.6520038604
9674308,1.6617790222
9678200,1.7106549739
9682084,1.8132943153
9685968,1.9990224838
9689844,2.2580645084
9693716,2.6050829887
9697580,2.9716520309
9701444,3.2844574451
9705324,3.4017596244
9709204,3.2404692173
9713096,2.8739002227
9716964,2.3851418495
9720852,1.8768328666
9724728,1.4760508537
9728596,1.2072336673
9732464,1.0948191833
9736348,1.1143695116
9740228,1.1974585056
9744108,1.3000977039
9747972,1.4076246261
9751864,1.4858260154
9755732,1.5542521476
9759604,1.5982404708
9763468,1.6275659561
9767356,1.6568914413
9771244,1.6666666030
9775116,1.6911046504
9778980,1.7057673931
9782864,1.7302052974
9786736,1.7253177165
9790620,1.7350928783
9794496,1.7497556209
9798372,1.7644183635
9802260,1.7839686870
9806140,1.7888562679
9810012,1.7986314296
9813896,1.8084066390
9817768,1.8426198005
9821632,1.8426198005
9825496,1.8475073814
9829372,1.8523949623
9833264,1.8572825431
9837152,1.8670577049
9841020,1.8914956092
9844904,1.8866080284
9848764,1.9110459327
9852636,1.9110459327
9856516,1.9403715133
9860392,1.9452590942
9864264,1.9550342559
9868136,1.9501466751
9872024,1.9648094177
9875904,1.9892473220
9879780,2.0185728073
9883644,2.0430107116
9887516,2.0723361968
9891388,2.0723361968
9895268,2.0918865203
9899140,2.1114368438
9903020,2.1260998249
9906900,2.1358749866
9910788,2.1505377292
9914668,2.1652004718
9918540,2.1798632144
9922412,2.2043011188
9926292,2.1945259571
9930180,2.1945259571
9934068,2.1945259571
9937956,2.1945259571
9941836,2.1896383762
9945716,2.1700880527
9949580,2.1700880527
9953452,2.1260998249
9957324,2.1114368438
9961212,2.0674486160
9965084,2.0136852264
9968968,1.9452590942
9972836,1.8817204475
9976708,1.8230694770
9980580,1.7693059444
9984452,1.7057673931
9988332,1.6520038604
9992204,1.6031280517
9996076,1.5689149856
9999956,1.5395894050
10003828,1.5151515007
10007752,1.4907135963
10011676,1.4809384346
10015584,1.4760508537
10019496,1.4858260154
10023416,1.4662756919
10027336,1.4662756919
10031264,1.4760508537
10035168,1.4907135963
10039084,1.5053763389
10042996,1.5298142433
10046924,1.5347018241
10050844,1.5444769859
10054756,1.5591397285
10058676,1.5835777282
10062588,1.5884653091
10066500,1.5884653091
10070424,1.5933528900
10074332,1.6031280517
10078252,1.6226783752
10082172,1.6373411178
10086100,1.6422286987
10090020,1.6520038604
10093924,1.6471162796
10097852,1.6764417648
10101780,1.6911046504
10105688,1.6813293457
10109604,1.6764417648
10113524,1.6813293457
10117448,1.6862169265
10121376,1.6911046504
10125276,1.6911046504
10129200,1.7008798122
10133112,1.6862169265
10137036,1.7057673931
10140968,1.7106549739
10144880,1.7008798122
10148788,1.6959922313
10152720,1.7106549739
10156632,1.7253177165
10160556,1.7350928783
10164468,1.7350928783
10168384,1.7155425548
10172304,1.7106549739
10176224,1.7106549739
10180140,1.7350928783
10184060,1.7204301357
10187972,1.7204301357
10191892,1.7204301357
10195808,1.7302052974
10199720,1.7399804592
10203632,1.7448680400
10207532,1.7399804592
10211436,1.7350928783
10215348,1.7350928783
10219272,1.7399804592
10223192,1.7448680400
10227096,1.7497556209
10231012,1.7546432018
10234932,1.7546432018
10238844,1.7790811061
10242764,1.7741935253
10246684,1.7839686870
10250588,1.7790811061
10254500,1.7937438488
10258416,1.8084066390
10262320,1.8181818962
10266236,1.8181818962
10270156,1.8230694770
10274068,1.8328446388
10277984,1.8426198005
10281892,1.8523949623
10285824,1.8621701240
10289744,1.8719452857
10293652,1.8768328666
10297564,1.8914956092
10301476,1.9061583518
10305388,1.9159335136
10309320,1.9208210945
10313232,1.9257086753
10317152,1.9305962562
10321072,1.9208210945
10324972,1.9110459327
10328892,1.8914956092
10332808,1.8670577049
10336720,1.8377322196
10340636,1.8132943153
10344556,1.7839686870
10348460,1.7644183635
10352380,1.7546432018
10356300,1.7595307826
10360220,1.7693059444
10364132,1.7693059444
10368048,1.7644183635
10371964,1.7644183635
10375884,1.7693059444
10379796,1.7790811061
10383708,1.7790811061
10387620,1.7741935253
10391540,1.7693059444
10395452,1.7644183635
10399372,1.7693059444
10403284,1.7888562679
10407208,1.8475073814
10411120,1.9745845794
10415028,2.1994135379
10418956,2.5219941139
10422884,2.8885631561
10426804,3.2355816364
10430732,3.4555230140
10434636,3.4261975288
10438556,3.1476051807
10442460,2.6930596828
10446380,2.1700880527
10450296,1.7106549739
10454212,1.3831867027
10458128,1.2023460865
10462032,1.1730204820
10465940,1.2316715717
10469868,1.3294233083
10473788,1.4418377876
10477716,1.5493645668
10481628,1.6275659561
10485548,1.6715541839
10489472,1.7008798122
10493384,1.7302052974
10497292,1.7546432018
10501204,1.7790811061
10505108,1.7888562679
10509028,1.7937438488
10512948,1.7937438488
10516876,1.8132943153
10520808,1.8230694770
10524716,1.8279570579
10528620,1.8230694770
10532532,1.8230694770
10536440,1.8426198005
10540352,1.8670577049
10544264,1.8866080284
10548168,1.8866080284
10552080,1.8866080284
10555992,1.9012707710
10559900,1.9110459327
10563824,1.9208210945
10567728,1.9305962562
10571640,1.9354838371
10575564,1.9550342559
10579472,1.9745845794
10583392,1.9843597412
10587320,1.9892473220
10591236,1.9941349029
10595148,2.0039100646
10599044,2.0283479690
10602948,2.0527858734
10606860,2.0576734542
10610772,2.0674486160
10614676,2.0869989395
10618580,2.1163244247
10622500,2.1456501483
10626420,2.1603128910
10630340,2.1700880527
10634252,2.1847507953
10638156,2.1994135379
10642084,2.2140762805
10645996,2.2238514423
10649924,2.2287390232
10653844,2.2385141849
10657764,2.2482893466
10661684,2.2531769275
10665604,2.2434017658
10669516,2.2287390232
10673436,2.2189638614
10677356,2.2140762805
10681268,2.1994135379
10685188,2.1652004718
10689100,2.1163244247
10693028,2.0576734542
10696944,1.9990224838
10700856,1.9452590942
10704764,1.8817204475
10708684,1.8132943153
10712604,1.7644183635
10716532,1.7057673931
10720448,1.6715541839
10724372,1.6226783752
10728292,1.5835777282
10732220,1.5640274047
10736132,1.5493645668
10740060,1.5493645668
10743988,1.5493645668
10747916,1.5395894050
10751820,1.5395894050
10755732,1.5493645668
10759652,1.5689149856
10763572,1.5786901473
10767484,1.5835777282
10771396,1.5884653091
10775316,1.6031280517
10779232,1.6226783752
10783156,1.6324535369
10787076,1.6422286987
10790988,1.6422286987
10794900,1.6520038604
10798808,1.6715541839
10802736,1.6862169265
10806652,1.6959922313
10810572,1.6959922313
10814492,1.7106549739
10818408,1.7253177165
10822332,1.7350928783
10826256,1.7399804592
10830168,1.7302052974
10834088,1.7302052974
10837996,1.7350928783
10841920,1.7448680400
10845824,1.7448680400
10849728,1.7399804592
10853640,1.7448680400
10857540,1.7546432018
10861444,1.7595307826
10865356,1.7595307826
10869268,1.7595307826
10873180,1.7546432018
10877100,1.7595307826
10881012,1.7644183635
10884940,1.7644183635
10888868,1.7546432018
10892788,1.7644183635
10896708,1.7741935253
10900628,1.7839686870
10904540,1.7839686870
10908444,1.7790811061
10912356,1.7693059444
10916276,1.7839686870
10920188,1.7937438488
10924100,1.8035190582
10928012,1.7937438488
10931940,1.7888562679
10935860,1.7937438488
10939780,1.7986314296
10943708,1.7986314296
10947628,1.7937438488
10951540,1.7986314296
10955464,1.8084066390
10959372,1.8132943153
10963300,1.8132943153
10967232,1.8035190582
10971148,1.8035190582
10975056,1.8084066390
10978968,1.8279570579
10982880,1.8377322196
10986796,1.8328446388
10990720,1.8328446388
10994632,1.8426198005
10998540,1.8572825431
11002460,1.8768328666
11006380,1.8817204475
11010304,1.8866080284
11014204,1.9012707710
11018112,1.9208210945
11022032,1.9305962562
11025948,1.9305962562
11029872,1.9305962562
11033792,1.9550342559
11037708,1.9599218368
11041616,1.9696969985
11045528,1.9648094177
11049448,1.9550342559
11053368,1.9452590942
11057280,1.9354838371
11061200,1.9208210945
11065108,1.8963831901
11069032,1.8572825431
11072956,1.8230694770
11076872,1.8084066390
11080764,1.7986314296
11084676,1.7888562679
11088592,1.7790811061
11092492,1.7741935253
11096420,1.7790811061
11100340,1.7986314296
11104252,1.8035190582
11108164,1.8035190582
11112076,1.7888562679
11115996,1.7986314296
11119916,1.8230694770
11123828,1.8035190582
11127732,1.7839686870
11131636,1.7741935253
11135564,1.7986314296
11139476,1.8768328666
11143396,2.0087976455
11147308,2.2287390232
11151220,2.5317692756
11155140,2.9032258987
11159060,3.2697947025
11162972,3.5141739845
11166904,3.4799609184
11170812,3.1964809894
11174728,2.7468230724
11178636,2.2336266040
11182548,1.7839686870
11186456,1.4369501113
11190372,1.2365591526
11194288,1.1876833438
11198212,1.2658846378
11202136,1.3587487936
11206056,1.4760508537
11209964,1.5738025665
11213876,1.6520038604
11217784,1.7155425548
11221704,1.7497556209
11225612,1.7644183635
11229524,1.7741935253
11233452,1.7839686870
11237368,1.8035190582
11241280,1.8279570579
11245192,1.8328446388
11249116,1.8328446388
11253048,1.8426198005
11256960,1.8621701240
11260868,1.8817204475
11264792,1.8866080284
11268700,1.8866080284
11272608,1.8963831901
11276516,1.9159335136
11280440,1.9354838371
11284360,1.9452590942
11288280,1.9452590942
11292200,1.9550342559
11296120,1.9745845794
11300040,1.9941349029
11303952,2.0039100646
11307856,1.9941349029
11311776,1.9990224838
11315684,2.0136852264
11319596,2.0381231307
11323500,2.0527858734
11327412,2.0625610351
11331324,2.0723361968
11335236,2.0918865203
11339148,2.1163244247
11343076,2.1358749866
11346996,2.1456501483
11350908,2.1603128910
11354828,2.1798632144
11358748,2.2043011188
11362652,2.2287390232
11366580,2.2336266040
11370476,2.2336266040
11374396,2.2482893466
11378316,2.2678396701
11382236,2.2922775745
11386156,2.2727272510
11390076,2.2678396701
11393988,2.2727272510
11397908,2.2825024127
11401828,2.2825024127
11405748,2.2727272510
11409660,2.2482893466
11413572,2.2287390232
11417484,2.2091886997
11421396,2.1652004718
11425316,2.1065492630
11429236,2.0332355499
11433152,1.9696969985
11437068,1.9208210945
11440984,1.8670577049
11444896,1.8035190582
11448808,1.7448680400
11452712,1.7008798122
11456612,1.6520038604
11460508,1.6275659561
11464436,1.5982404708
11468348,1.5689149856
11472268,1.5542521476
11476188,1.5591397285
11480108,1.5640274047
11484012,1.5591397285
11487940,1.5542521476
11491868,1.5542521476
11495788,1.5689149856
11499708,1.5884653091
11503612,1.5982404708
11507516,1.5982404708
11511432,1.6080156326
11515340,1.6324535369
11519268,1.6471162796
11523196,1.6568914413
11527116,1.6568914413
11531036,1.6666666030
11534948,1.6911046504
11538864,1.7106549739
11542780,1.7204301357
11546684,1.7204301357
11550592,1.7155425548
11554512,1.7253177165
11558440,1.7399804592
11562352,1.7497556209
11566272,1.7497556209
11570188,1.7399804592
11574104,1.7399804592
11578016,1.7448680400
11581920,1.7497556209
11585840,1.7448680400
11589736,1.7399804592
11593640,1.7497556209
11597556,1.7790811061
11601468,1.7741935253
11605396,1.7693059444
11609308,1.7693059444
11613228,1.7741935253
11617148,1.7790811061
11621072,1.7790811061
11624980,1.7888562679
11628900,1.7741935253
11632828,1.7790811061
11636732,1.7839686870
11640644,1.7986314296
11644572,1.8035190582
11648476,1.7937438488
11652404,1.7888562679
11656324,1.7986314296
11660244,1.8035190582
11664156,1.7986314296
11668084,1.7888562679
11672008,1.7888562679
11675924,1.7986314296
11679836,1.8132943153
11683756,1.8132943153
11687676,1.8035190582
11691596,1.8035190582
11695504,1.8084066390
11699412,1.8230694770
11703324,1.8328446388
11707248,1.8328446388
11711176,1.8377322196
11715100,1.8523949623
11719032,1.8719452857
11722948,1.8817204475
11726868,1.8719452857
11730792,1.8670577049
11734692,1.8768328666
11738616,1.8866080284
11742516,1.8963831901
11746440,1.9012707710
11750340,1.9110459327
11754264,1.9257086753
11758184,1.9501466751
11762104,1.9648094177
11766024,1.9696969985
11769936,1.9599218368
11773848,1.9648094177
11777768,1.9745845794
11781676,1.9696969985
11785596,1.9501466751
11789520,1.9159335136
11793444,1.8914956092
11797348,1.8817204475
11801272,1.8719452857
11805188,1.8523949623
11809108,1.8328446388
11813028,1.8035190582
11816932,1.7986314296
11820860,1.8035190582
11824772,1.8035190582
11828684,1.7986314296
11832604,1.7986314296
11836520,1.8084066390
11840420,1.8181818962
11844340,1.8132943153
11848272,1.8084066390
11852172,1.8035190582
11856084,1.8035190582
11860004,1.8084066390
11863900,1.8230694770
11867816,1.8719452857
11871736,1.9843597412
11875652,2.1847507953
11879572,2.4975562095
11883476,2.8347995758
11887396,3.1915934085
11891316,3.4652981758
11895244,3.5239491462
11899164,3.3137829303
11903080,2.8983383178
11906996,2.3753666877
11910916,1.8768328666
11914836,1.5102639198
11918756,1.3000977039
11922652,1.2170088291
11926568,1.2414467334
11930484,1.3245357275
11934412,1.4418377876
11938340,1.5640274047
11942252,1.6617790222
11946172,1.7057673931
11950092,1.7350928783
11954004,1.7595307826
11957924,1.7937438488
11961844,1.8132943153
11965772,1.8230694770
11969676,1.8230694770
11973588,1.8328446388
11977500,1.8523949623
11981432,1.8719452857
11985348,1.8768328666
11989268,1.8768328666
11993180,1.8866080284
11997096,1.9061583518
12001016,1.9208210945
12004928,1.9305962562
12008848,1.9305962562
12012768,1.9354838371
12016684,1.9501466751
12020600,1.9648094177
12024512,1.9648094177
12028432,1.9648094177
12032352,1.9648094177
12036272,1.9843597412
12040188,2.0087976455
12044092,2.0283479690
12047996,2.0087976455
12051900,2.0185728073
12055812,2.0332355499
12059724,2.0576734542
12063628,2.0723361968
12067540,2.0772237777
12071460,2.0869989395
12075372,2.1016616821
12079292,2.1309874057
12083196,2.1554253101
12087124,2.1798632144
12091044,2.1847507953
12094964,2.2140762805
12098876,2.2482893466
12102796,2.2727272510
12106700,2.2629520893
12110612,2.2629520893
12114524,2.2678396701
12118444,2.2825024127
12122364,2.2873899936
12126276,2.2776148319
12130196,2.2629520893
12134116,2.2531769275
12138044,2.2482893466
12141964,2.2385141849
12145884,2.2043011188
12149804,2.1554253101
12153716,2.1016616821
12157636,2.0576734542
12161548,2.0039100646
12165444,1.9403715133
12169376,1.8670577049
12173280,1.8084066390
12177180,1.7693059444
12181092,1.7204301357
12185016,1.6862169265
12188940,1.6373411178
12192864,1.6226783752
12196780,1.5982404708
12200684,1.5835777282
12204604,1.5689149856
12208516,1.5542521476
12212444,1.5493645668
12216368,1.5591397285
12220284,1.5786901473
12224204,1.5835777282
12228132,1.5835777282
12232056,1.5933528900
12235968,1.6080156326
12239884,1.6324535369
12243804,1.6520038604
12247708,1.6568914413
12251628,1.6617790222
12255548,1.6764417648
12259476,1.6959922313
12263400,1.7008798122
12267312,1.7008798122
12271232,1.7008798122
12275152,1.7155425548
12279080,1.7399804592
12282988,1.7546432018
12286904,1.7497556209
12290824,1.7399804592
12294736,1.7399804592
12298636,1.7546432018
12302548,1.7693059444
12306468,1.7644183635
12310380,1.7644183635
12314300,1.7693059444
12318212,1.7839686870
12322132,1.7986314296
12326060,1.7937438488
12329980,1.7888562679
12333900,1.7937438488
12337820,1.8035190582
12341736,1.8084066390
12345628,1.8035190582
12349524,1.7986314296
12353436,1.7937438488
12357356,1.8035190582
12361268,1.8132943153
12365200,1.8084066390
12369100,1.7986314296
12373028,1.7986314296
12376952,1.8084066390
12380852,1.8230694770
12384768,1.8279570579
12388680,1.8279570579
12392588,1.8181818962
12396500,1.8328446388
12400432,1.8572825431
12404360,1.8621701240
12408272,1.8572825431
12412200,1.8475073814
12416112,1.8523949623
12420032,1.8670577049
12423944,1.8719452857
12427864,1.8621701240
12431776,1.8475073814
12435688,1.8572825431
12439608,1.8719452857
12443516,1.8817204475
12447440,1.8719452857
12451360,1.8719452857
12455276,1.8866080284
12459192,1.9159335136
12463116,1.9305962562
12467032,1.9257086753
12470952,1.9208210945
12474864,1.9354838371
12478792,1.9599218368
12482712,1.9745845794
12486624,1.9794721603
12490536,1.9794721603
12494456,1.9941349029
12498364,2.0136852264
12502284,2.0136852264
12506200,1.9990224838
12510112,1.9696969985
12514032,1.9550342559
12517952,1.9501466751
12521880,1.9403715133
12525796,1.9110459327
12529712,1.8768328666
12533624,1.8475073814
12537536,1.8426198005
12541448,1.8426198005
12545360,1.8377322196
12549292,1.8181818962
12552196,1.8084066390
12557116,1.8181818962
12561048,1.8279570579
12564960,1.8328446388
12568876,1.8181818962
12572796,1.8181818962
12576712,1.8279570579
12580624,1.8279570579
12584532,1.8132943153
12588460,1.7986314296
12592388,1.8035190582
12596296,1.8621701240
12600208,1.9941349029
12604124,2.2091886997
12608036,2.5024437904
12611952,2.8592374801
12615868,3.2160313129
12619796,3.4946236610
12623700,3.5092864036
12627612,3.2600195407
12631516,2.8299119949
12635436,2.3118278980
12639360,1.8426198005
12643264,1.4907135963
12647180,1.2707722187
12651100,1.2072336673
12655020,1.2414467334
12658948,1.3489736318
12662872,1.4662756919
12666788,1.5640274047
12670700,1.6422286987
12674624,1.7008798122
12678532,1.7546432018
12682452,1.7839686870
12686364,1.7839686870
12690268,1.7888562679
12694188,1.7986314296
12698112,1.8181818962
12702036,1.8328446388
12705960,1.8426198005
12709872,1.8426198005
12713784,1.8572825431
12717704,1.8719452857
12721620,1.8914956092
12725532,1.8914956092
12729448,1.8866080284
12733356,1.8914956092
12737280,1.9061583518
12741200,1.9208210945
12745120,1.9257086753
12749040,1.9305962562
12752952,1.9354838371
12756872,1.9550342559
12760792,1.9696969985
12764704,1.9794721603
12768624,1.9843597412
12772544,1.9941349029
12776456,2.0234603881
12780364,2.0527858734
12784284,2.0674486160
12788196,2.0723361968
12792116,2.0772237777
12796036,2.0967741012
12799940,2.1114368438
12803868,2.1260998249
12807788,2.1407625675
12811700,2.1505377292
12815620,2.1749756336
12819532,2.2043011188
12823444,2.2238514423
12827364,2.2336266040
12831276,2.2482893466
12835196,2.2678396701
12839116,2.2922775745
12843036,2.3020527362
12846948,2.2971651554
12850868,2.2873899936
12854788,2.2873899936
12858700,2.2971651554
12862624,2.2922775745
12866532,2.2727272510
12870452,2.2385141849
12874372,2.2043011188
12878284,2.1603128910
12882196,2.1163244247
12886116,2.0527858734
12890032,1.9843597412
12893960,1.9159335136
12897888,1.8621701240
12901800,1.8084066390
12905696,1.7497556209
12909612,1.6959922313
12913524,1.6520038604
12917428,1.6324535369
12921356,1.6177907943
12925276,1.5982404708
12929188,1.5786901473
12933100,1.5640274047
12937012,1.5591397285
12940940,1.5689149856
12944860,1.5738025665
12948780,1.5689149856
12952692,1.5786901473
12956604,1.5982404708
12960508,1.6177907943
12964428,1.6324535369
12968348,1.6324535369
12972268,1.6324535369
12976188,1.6471162796
12980112,1.6715541839
12984036,1.6764417648
12987956,1.6764417648
12991880,1.6715541839
12995804,1.6813293457
12999724,1.7008798122
13003628,1.7204301357
13007544,1.7253177165
13011472,1.7253177165
13015396,1.7350928783
13019316,1.7546432018
13023228,1.7595307826
13027152,1.7497556209
13031072,1.7448680400
13034972,1.7595307826
13038892,1.7595307826
13042812,1.7741935253
13046724,1.7790811061
13050628,1.7595307826
13054540,1.7595307826
13058460,1.7741935253
13062388,1.7888562679
13066300,1.7741935253
13070220,1.7693059444
13074132,1.7693059444
13078044,1.7839686870
13081964,1.7937438488
13085884,1.7937438488
13089812,1.7839686870
13093716,1.7741935253
13097636,1.7839686870
13101548,1.7937438488
13105476,1.7937438488
13109408,1.7888562679
13113320,1.7888562679
13117236,1.8035190582
13121148,1.8181818962
13125080,1.8181818962
13129000,1.8084066390
13132892,1.7986314296
13136804,1.8035190582
13140708,1.8181818962
13144632,1.8181818962
13148548,1.8181818962
13152472,1.8084066390
13156380,1.8132943153
13160304,1.8279570579
13164224,1.8377322196
13168140,1.8328446388
13172064,1.8279570579
13175980,1.8523949623
13179908,1.8572825431
13183832,1.8670577049
13187744,1.8719452857
13191656,1.8670577049
13195560,1.8621701240
13199468,1.8817204475
13203384,1.9012707710
13207292,1.9110459327
13211212,1.9110459327
13215136,1.9208210945
13219048,1.9403715133
13222960,1.9501466751
13226880,1.9452590942
13230792,1.9305962562
13234704,1.9159335136
13238628,1.9159335136
13242552,1.9012707710
13246452,1.8768328666
13250376,1.8426198005
13254288,1.8279570579
13258196,1.8035190582
13262108,1.7986314296
13266020,1.7839686870
13269932,1.7741935253
13273860,1.7693059444
13277772,1.7839686870
13281676,1.7937438488
13285604,1.7937438488
13289520,1.7888562679
13293436,1.7839686870
13297348,1.7937438488
13301280,1.8084066390
13305184,1.8035190582
13309100,1.7888562679
13313020,1.7741935253
13316940,1.7888562679
13320864,1.8426198005
13324776,1.9550342559
13328684,2.1407625675
13332596,2.4242424964
13336500,2.7859237194
13340428,3.1671555042
13344348,3.4750733375
13348268,3.5337243080
13352180,3.3333332538
13356104,2.9276638031
13360020,2.4242424964
13363944,1.9452590942
13367852,1.5395894050
13371756,1.2903225421
13375668,1.2023460865
13379564,1.2365591526
13383484,1.3245357275
13387416,1.4369501113
13391332,1.5347018241
13395256,1.6226783752
13399184,1.6911046504
13403084,1.7350928783
13407004,1.7546432018
13410924,1.7644183635
13414844,1.7790811061
13418756,1.8035190582
13422656,1.8279570579
13426560,1.8279570579
13430472,1.8279570579
13434380,1.8328446388
13438300,1.8523949623
13442232,1.8670577049
13446136,1.8719452857
13450056,1.8719452857
13453980,1.8768328666
13457900,1.8914956092
13461820,1.9110459327
13465732,1.9159335136
13469648,1.9208210945
13473552,1.9257086753
13477472,1.9403715133
13481392,1.9599218368
13485312,1.9696969985
13489220,1.9696969985
13493136,1.9745845794
13497056,1.9941349029
13500972,2.0136852264
13504892,2.0283479690
13508796,2.0430107116
13512692,2.0381231307
13516604,2.0576734542
13520516,2.0772237777
13524428,2.0869989395
13528340,2.0967741012
13532244,2.1065492630
13536156,2.1309874057
13540068,2.1603128910
13543980,2.1700880527
13547884,2.1798632144
13551812,2.1896383762
13555732,2.2043011188
13559644,2.2287390232
13563556,2.2385141849
13567484,2.2336266040
13571396,2.2287390232
13575316,2.2287390232
13579228,2.2385141849
13583148,2.2336266040
13587060,2.2189638614
13590988,2.1945259571
13594916,2.1700880527
13598820,2.1456501483
13602724,2.1065492630
13606636,2.0478982925
13610544,1.9843597412
13614472,1.9159335136
13618400,1.8523949623
13622320,1.7986314296
13626236,1.7350928783
13630156,1.6764417648
13634076,1.6177907943
13637996,1.5786901473
13641916,1.5542521476
13645844,1.5298142433
13649756,1.5004887580
13653656,1.4809384346
13657568,1.4760508537
13661480,1.4809384346
13665392,1.4809384346
13669304,1.4760508537
13673216,1.4760508537
13677128,1.4809384346
13681044,1.5053763389
13684956,1.5200390815
13688868,1.5249266624
13692788,1.5347018241
13696700,1.5591397285
13700628,1.5786901473
13704544,1.5933528900
13708464,1.5933528900
13712368,1.5933528900
13716280,1.6129032135
13720208,1.6226783752
13724132,1.6422286987
13728052,1.6422286987
13731972,1.6422286987
13735884,1.6471162796
13739812,1.6617790222
13743732,1.6666666030
13747648,1.6764417648
13751568,1.6715541839
13755484,1.6813293457
13759408,1.7008798122
13763328,1.7155425548
13767256,1.7008798122
13771164,1.6959922313
13775084,1.6959922313
13779004,1.7057673931
13782928,1.7008798122
13786836,1.7057673931
13790756,1.7057673931
13794668,1.6959922313
13798580,1.7057673931
13801476,1.7155425548
13806416,1.7155425548
13810336,1.7106549739
13814256,1.7106549739
13818176,1.7155425548
13822104,1.7155425548
13826024,1.7155425548
13829952,1.7057673931
13833868,1.7057673931
13837792,1.7155425548
13841708,1.7204301357
13845620,1.7253177165
13849536,1.7204301357
13853452,1.7204301357
13857368,1.7302052974
13861280,1.7497556209
13865196,1.7546432018
13869112,1.7448680400
13873008,1.7399804592
13876928,1.7399804592
13880848,1.7497556209
13884764,1.7546432018
13888676,1.7595307826
13892580,1.7644183635
13896500,1.7741935253
13900432,1.7888562679
13904348,1.8035190582
13908260,1.7986314296
13912188,1.8132943153
13916108,1.8328446388
13920032,1.8621701240
13923944,1.8719452857
13927864,1.8719452857
13931784,1.8719452857
13935692,1.8768328666
13939600,1.8963831901
13943516,1.9110459327
13947440,1.9061583518
13951360,1.8866080284
13955272,1.8670577049
13959180,1.8523949623
13963100,1.8328446388
13967028,1.8035190582
13970948,1.7693059444
13974864,1.7448680400
13978764,1.7350928783
13982668,1.7350928783
13986584,1.7302052974
13990492,1.7204301357
13994408,1.7106549739
13998328,1.7204301357
14002236,1.7350928783
14006152,1.7302052974
14010072,1.7204301357
14013992,1.7155425548
14017916,1.7204301357
14021840,1.7302052974
14025748,1.7302052974
14029652,1.7155425548
14033568,1.7106549739
14037488,1.7448680400
14041392,1.8377322196
14045320,1.9892473220
14049228,2.2238514423
14053156,2.5464320182
14057080,2.9178886413
14061004,3.2697947025
14064920,3.4604105949
14068828,3.3675463199
14072740,3.0449657440
14076652,2.5806450843
14080556,2.0527858734
14084480,1.6226783752
14088404,1.3294233083
14092320,1.1534701585
14096224,1.1339198350
14100148,1.2072336673
14104068,1.3147605657
14107988,1.4173997879
14111916,1.5004887580
14115812,1.5689149856
14119728,1.6129032135
14123652,1.6422286987
14127564,1.6568914413
14131488,1.6715541839
14135404,1.6959922313
14139328,1.7155425548
14143244,1.7350928783
14147168,1.7399804592
14151088,1.7448680400
14154992,1.7497556209
14158900,1.7693059444
14162812,1.7839686870
14166724,1.7986314296
14170652,1.8132943153
14174572,1.8181818962
14178500,1.8328446388
14182420,1.8475073814
14186332,1.8523949623
14190256,1.8426198005
14194168,1.8475073814
14198088,1.8572825431
14202012,1.8768328666
14205928,1.8866080284
14209840,1.9012707710
14213740,1.8914956092
14217660,1.9061583518
14221576,1.9257086753
14225488,1.9452590942
14229400,1.9599218368
14233328,1.9745845794
14237248,1.9941349029
14241164,2.0234603881
14245076,2.0381231307
14248992,2.0478982925
14252900,2.0576734542
14256820,2.0821113586
14260732,2.1114368438
14264660,2.1358749866
14268580,2.1407625675
14272492,2.1456501483
14276412,2.1554253101
14280340,2.1798632144
14284268,2.1896383762
14288196,2.1896383762
14292116,2.1847507953
14296028,2.1896383762
14299948,2.1945259571
14303876,2.1945259571
14307804,2.1700880527
14311708,2.1456501483
14315620,2.1163244247
14319532,2.0869989395
14323444,2.0430107116
14327360,1.9843597412
14331284,1.9110459327
14335208,1.8426198005
14339120,1.7839686870
14343028,1.7350928783
14346948,1.6764417648
14350880,1.6226783752
14354804,1.5786901473
14358716,1.5493645668
14362644,1.5249266624
14366556,1.5053763389
14370480,1.4809384346
14374396,1.4711632728
14378328,1.4711632728
14382256,1.4809384346
14386168,1.4907135963
14390088,1.4907135963
14394008,1.4956011772
14397932,1.5102639198
14401852,1.5347018241
14405772,1.5493645668
14409684,1.5591397285
14413604,1.5689149856
14417524,1.5884653091
14421444,1.6031280517
14425368,1.6080156326
14429280,1.6129032135
14433200,1.6226783752
14437124,1.6373411178
14441052,1.6568914413
14444980,1.6666666030
14448896,1.6715541839
14452816,1.6715541839
14456724,1.6813293457
14460652,1.6959922313
14464564,1.7057673931
14468488,1.7008798122
14472400,1.7008798122
14476308,1.7106549739
14480224,1.7155425548
14484148,1.7204301357
14488064,1.7253177165
14491992,1.7155425548
14495920,1.7106549739
14499832,1.7253177165
14503752,1.7302052974
14507668,1.7302052974
14511572,1.7057673931
14515496,1.7008798122
14519408,1.7106549739
14523320,1.7204301357
14527232,1.7204301357
14531152,1.7106549739
14535072,1.7155425548
14539000,1.7253177165
14542924,1.7350928783
14546840,1.7302052974
14550752,1.7253177165
14554672,1.7253177165
14558588,1.7350928783
14562512,1.7399804592
14566428,1.7350928783
14570336,1.7302052974
14574252,1.7350928783
14578176,1.7497556209
14582092,1.7644183635
14586020,1.7644183635
14589940,1.7546432018
14593864,1.7497556209
14597780,1.7546432018
14601692,1.7741935253
14605612,1.7839686870
14609524,1.7790811061
14613428,1.7839686870
14617340,1.7986314296
14621260,1.8181818962
14625192,1.8279570579
14629112,1.8279570579
14633024,1.8279570579
14636936,1.8426198005
14640848,1.8719452857
14644760,1.8866080284
14648668,1.8866080284
14652580,1.8914956092
14656496,1.9061583518
14660416,1.9159335136
14664344,1.9159335136
14668268,1.8914956092
14672184,1.8621701240
14676104,1.8475073814
14680016,1.8377322196
14683944,1.8181818962
14687868,1.7888562679
14691788,1.7546432018
14695704,1.7399804592
14699604,1.7350928783
14703516,1.7350928783
14707440,1.7253177165
14711364,1.7204301357
14715288,1.7204301357
14719208,1.7302052974
14723120,1.7448680400
14727020,1.7546432018
14730944,1.7497556209
14734864,1.7399804592
14738784,1.7497556209
14742692,1.7741935253
14746608,1.7448680400
14750512,1.7448680400
14754412,1.7790811061
14758328,1.8719452857
14762244,2.0478982925
14766148,2.3069403171
14770052,2.6539590358
14773964,3.0205278396
14777876,3.3528835773
14781804,3.5288367271
14785728,3.3724339008
14789620,3.0107526779
14793532,2.5024437904
14797448,1.9941349029
14801364,1.5835777282
14805292,1.3049852848
14809208,1.1730204820
14813112,1.1730204820
14817028,1.2512218952
14820956,1.3636363744
14824888,1.4809384346
14828804,1.5591397285
14832712,1.6129032135
14836620,1.6568914413
14840540,1.6959922313
14844464,1.7155425548
14848388,1.7204301357
14852312,1.7302052974
14856220,1.7497556209
14860132,1.7644183635
14864052,1.7888562679
14867972,1.7937438488
14871896,1.7888562679
14875820,1.7986314296
14879732,1.8181818962
14883660,1.8377322196
14887580,1.8328446388
14891512,1.8377322196
14895440,1.8475073814
14899368,1.8670577049
14903268,1.8817204475
14907192,1.8866080284
14911104,1.8963831901
14915024,1.9012707710
14918936,1.9257086753
14922848,1.9452590942
14926752,1.9501466751
14930676,1.9501466751
14934592,1.9501466751
14938512,1.9648094177
14942432,1.9794721603
14946356,1.9941349029
14950264,1.9990224838
14954180,2.0136852264
14958100,2.0381231307
14962012,2.0625610351
14965932,2.0821113586
14969844,2.0869989395
14973748,2.1016616821
14977676,2.1260998249
14981580,2.1554253101
14985508,2.1798632144
14989436,2.1896383762
14993356,2.1945259571
14997284,2.2091886997
15001204,2.2287390232
15005124,2.2336266040
15009044,2.2189638614
15012956,2.1994135379
15016876,2.1945259571
15020804,2.1945259571
15024724,2.1847507953
15028644,2.1554253101
15032556,2.1114368438
15036476,2.0723361968
15040388,2.0332355499
15044304,1.9794721603
15048224,1.9159335136
15052152,1.8426198005
15056068,1.7741935253
15059996,1.7204301357
15063908,1.6666666030
15067828,1.6177907943
15071740,1.5689149856
15075668,1.5298142433
15079588,1.5102639198
15083500,1.5053763389
15087424,1.4809384346
15091344,1.4662756919
15095264,1.4662756919
15099180,1.4711632728
15103112,1.4858260154
15107032,1.4858260154
15110952,1.4809384346
15114872,1.4858260154
15118780,1.5053763389
15122692,1.5347018241
15126604,1.5395894050
15130508,1.5444769859
15134428,1.5444769859
15138348,1.5542521476
15142276,1.5738025665
15146196,1.5786901473
15150116,1.5786901473
15154028,1.5786901473
15157952,1.5933528900
15161872,1.6129032135
15165800,1.6226783752
15169720,1.6226783752
15173628,1.6275659561
15177556,1.6422286987
15181484,1.6617790222
15185404,1.6666666030
15189316,1.6666666030
15193228,1.6666666030
15197140,1.6764417648
15201060,1.6959922313
15204984,1.7106549739
15208904,1.7057673931
15212820,1.6959922313
15216736,1.6862169265
15220652,1.6959922313
15224568,1.7008798122
15228476,1.7057673931
15232408,1.7008798122
15236320,1.7008798122
15240228,1.7106549739
15244144,1.7106549739
15248060,1.7057673931
15251980,1.6959922313
15255908,1.6959922313
15259836,1.7057673931
15263756,1.7106549739
15267668,1.7057673931
15271592,1.7008798122
15275508,1.7057673931
15279440,1.7253177165
15283376,1.7399804592
15287288,1.7399804592
15291208,1.7302052974
15295128,1.7253177165
15299052,1.7350928783
15302976,1.7448680400
15306888,1.7448680400
15310784,1.7399804592
15314696,1.7497556209
15318604,1.7595307826
15322524,1.7839686870
15326444,1.7937438488
15330364,1.7986314296
15334284,1.7986314296
15338216,1.8181818962
15342144,1.8279570579
15346064,1.8475073814
15349980,1.8523949623
15353908,1.8572825431
15357832,1.8621701240
15361740,1.8817204475
15365660,1.8914956092
15369576,1.9012707710
15373488,1.8866080284
15377388,1.8768328666
15381312,1.8719452857
15385240,1.8621701240
15389160,1.8377322196
15393084,1.8132943153
15397016,1.8084066390
15400916,1.7790811061
15404828,1.7644183635
15408740,1.7350928783
15412660,1.7204301357
15416568,1.7155425548
15420488,1.7253177165
15424408,1.7302052974
15428316,1.7204301357
15432240,1.7106549739
15436160,1.7057673931
15440080,1.7155425548
15444004,1.7253177165
15447928,1.7302052974
15451844,1.7204301357
15455760,1.7155425548
15459684,1.7204301357
15463600,1.7350928783
15467508,1.7790811061
15471420,1.8768328666
15475340,2.0674486160
15479252,2.3655912876
15483184,2.7321603298
15487100,3.1133918762
15491020,3.3968720436
15494940,3.4750733375
15498860,3.2795698642
15502772,2.8934507369
15506692,2.3558161258
15510608,1.8523949623
15514528,1.4613881111
15518452,1.2218964099
15522368,1.1485825777
15526292,1.1632453203
15530212,1.2463343143
15534132,1.3489736318
15538056,1.4565005302
15541964,1.5591397285
15545888,1.6129032135
15549812,1.6568914413
15553736,1.6715541839
15557660,1.7008798122
15561568,1.7302052974
15565480,1.7302052974
15569392,1.7399804592
15573312,1.7497556209
15577228,1.7595307826
15581140,1.7790811061
15585052,1.7937438488
15588972,1.7937438488
15592892,1.7937438488
15596812,1.8035190582
15600708,1.8230694770
15604616,1.8475073814
15608532,1.8523949623
15612464,1.8572825431
15616392,1.8621701240
15620300,1.8817204475
15624220,1.8963831901
15628136,1.8963831901
15632056,1.9012707710
15635968,1.9208210945
15639880,1.9305962562
15643792,1.9452590942
15647696,1.9599218368
15651616,1.9648094177
15655536,1.9794721603
15659452,2.0039100646
15663356,2.0332355499
15667268,2.0430107116
15671172,2.0478982925
15675092,2.0576734542
15679012,2.0869989395
15682924,2.1212120056
15686844,2.1505377292
15690748,2.1456501483
15694668,2.1554253101
15698580,2.1749756336
15702508,2.2043011188
15706420,2.2189638614
15710340,2.2140762805
15714252,2.2140762805
15718172,2.2140762805
15722084,2.2287390232
15726004,2.2287390232
15729924,2.2140762805
15733836,2.1945259571
15737748,2.1798632144
15741668,2.1652004718
15745572,2.1309874057
15749484,2.0772237777
15753404,2.0136852264
15757324,1.9550342559
15761236,1.8963831901
15765160,1.8377322196
15769084,1.7644183635
15773016,1.7008798122
15776932,1.6471162796
15780856,1.6080156326
15784756,1.5786901473
15788676,1.5347018241
15792592,1.4956011772
15796520,1.4858260154
15800432,1.4760508537
15804336,1.4662756919
15808252,1.4613881111
15812184,1.4516129493
15816112,1.4662756919
15820032,1.4760508537
15823936,1.4907135963
15827852,1.5053763389
15831764,1.5053763389
15835684,1.5151515007
15839596,1.5347018241
15843516,1.5542521476
15847444,1.5591397285
15851364,1.5689149856
15855284,1.5786901473
15859204,1.5982404708
15863120,1.6226783752
15867044,1.6373411178
15870964,1.6373411178
15874892,1.6373411178
15878820,1.6471162796
15882740,1.6617790222
15886660,1.6715541839
15890580,1.6666666030
15894492,1.6666666030
15898404,1.6764417648
15902332,1.6911046504
15906248,1.7008798122
15910156,1.6959922313
15914076,1.6911046504
15917988,1.6959922313
15921916,1.7057673931
15925848,1.7106549739
15929760,1.7057673931
15933676,1.7008798122
15937580,1.6959922313
15941504,1.7106549739
15945420,1.7204301357
15949344,1.7106549739
15953264,1.7008798122
15957180,1.6959922313
15961108,1.7106549739
15965024,1.7204301357
15968944,1.7204301357
15972864,1.7106549739
15976772,1.7057673931
15980692,1.7204301357
15984596,1.7350928783
15988516,1.7350928783
15992440,1.7302052974
15996360,1.7253177165
16000284,1.7350928783
16004200,1.7497556209
16008112,1.7399804592
16012024,1.7302052974
16015936,1.7302052974
16019848,1.7399804592
16023756,1.7595307826
16027676,1.7693059444
16031572,1.7693059444
16035484,1.7790811061
16039404,1.7888562679
16043328,1.8035190582
16047240,1.8181818962
16051160,1.8084066390
16055060,1.8035190582
16058972,1.8181818962
16062896,1.8426198005
16066800,1.8572825431
16070712,1.8621701240
16074616,1.8670577049
16078524,1.8768328666
16082448,1.8963831901
16086368,1.9012707710
16090280,1.8866080284
16094184,1.8621701240
16098092,1.8523949623
16102024,1.8475073814
16105944,1.8279570579
16109852,1.7986314296
16113764,1.7693059444
16117676,1.7546432018
16121588,1.7546432018
16125512,1.7497556209
16129428,1.7350928783
16133352,1.7253177165
16137272,1.7253177165
16141192,1.7399804592
16145112,1.7497556209
16149032,1.7448680400
16152936,1.7399804592
16156852,1.7350928783
16160760,1.7497556209
16164676,1.7546432018
16168592,1.7497556209
16172512,1.7155425548
16176440,1.7302052974
16180348,1.7839686870
16184260,1.8866080284
16188172,2.0674486160
16192084,2.3313782215
16196012,2.6783969402
16199924,3.0645160675
16203828,3.3870968818
16207736,3.4995112419
16211652,3.3235580921
16215576,2.9374389648
16219500,2.4291300773
16223416,1.9305962562
16227324,1.5249266624
16231244,1.2561094760
16235152,1.1436949968
16239076,1.1632453203
16242996,1.2512218952
16246920,1.3734115362
16250836,1.4711632728
16254756,1.5444769859
16258676,1.6080156326
16262580,1.6568914413
16266500,1.6911046504
16270408,1.7008798122
16274320,1.7106549739
16278240,1.7253177165
16282168,1.7497556209
16286084,1.7644183635
16290004,1.7693059444
16293924,1.7741935253
16297844,1.7888562679
16301760,1.8084066390
16305652,1.8230694770
16309564,1.8328446388
16313496,1.8377322196
16317416,1.8426198005
16321336,1.8621701240
16325244,1.8768328666
16329164,1.8817204475
16333084,1.8817204475
16336996,1.8914956092
16340912,1.9208210945
16344824,1.9354838371
16348744,1.9305962562
16352656,1.9305962562
16356576,1.9403715133
16360500,1.9648094177
16364408,1.9892473220
16368324,2.0039100646
16372228,2.0136852264
16376148,2.0234603881
16380068,2.0430107116
16383972,2.0674486160
16387892,2.0821113586
16391804,2.0967741012
16395716,2.1163244247
16399636,2.1456501483
16403548,2.1798632144
16407468,2.1945259571
16411396,2.1994135379
16415316,2.2091886997
16419228,2.2287390232
16423148,2.2531769275
16427060,2.2580645084
16430964,2.2336266040
16434876,2.2238514423
16438796,2.2238514423
16442716,2.2287390232
16446628,2.2140762805
16450532,2.1847507953
16454444,2.1505377292
16458364,2.1163244247
16462292,2.0821113586
16466212,2.0283479690
16470120,1.9599218368
16474036,1.8817204475
16477956,1.8132943153
16481884,1.7595307826
16485792,1.7008798122
16489700,1.6422286987
16493612,1.5835777282
16497524,1.5444769859
16501444,1.5200390815
16505356,1.5053763389
16509272,1.4858260154
16513188,1.4613881111
16517112,1.4565005302
16521024,1.4662756919
16524952,1.4760508537
16528864,1.4760508537
16532764,1.4711632728
16536684,1.4809384346
16540592,1.4956011772
16544508,1.5249266624
16548428,1.5347018241
16552348,1.5444769859
16556268,1.5542521476
16560188,1.5738025665
16564100,1.6031280517
16568016,1.6129032135
16571940,1.6177907943
16575864,1.6226783752
16579780,1.6422286987
16583700,1.6520038604
16587596,1.6568914413
16591516,1.6520038604
16595420,1.6568914413
16599352,1.6715541839
16603280,1.6862169265
16607196,1.6911046504
16611120,1.6862169265
16615036,1.6813293457
16618968,1.6862169265
16622884,1.6959922313
16626800,1.7008798122
16630700,1.6862169265
16634612,1.6764417648
16638544,1.6862169265